<?xml version="1.0" encoding="UTF-8"?>
<!DOCTYPE html PUBLIC "-//W3C//DTD XHTML 1.0 Strict//EN" "http://www.w3.org/TR/xhtml1/DTD/xhtml1-strict.dtd">
<html xmlns="http://www.w3.org/1999/xhtml" xml:lang="en" lang="en">
<head>
  <meta content="text/html; charset=UTF-8" http-equiv="content-type" />
  <title>Test Suite</title>
</head>
<body>
<table id="suiteTable" cellpadding="1" cellspacing="1" border="1" class="selenium"><tbody>
<tr><td><b>Test Suite</b></td></tr>
<tr><td><a href="tc1.html">tc1</a></td></tr>
<tr><td><a href="tc2.html">tc2</a></td></tr>
<tr><td><a href="tc3.html">tc3</a></td></tr>
</tbody></table>
</body>
</html>
